,List of Flights
1,New Delhi flights
2,Bangkok flights
3,Dubai flights
4,Bali flights
5,Los Angeles flights
6,Europe flights
7,Maldives flights
8,Kolkata flights
9,Chennai flights
10,New York flights
11,Mumbai flights
12,San Francisco flights
13,Vasco da Gama flights
14,Toronto flights
15,India flights
16,Thailand flights
17,Patna flights
18,Lucknow flights
19,Hong Kong flights
20,London flights
21,Singapore flights
22,Bengaluru flights
23,Chicago flights
24,United States flights
25,Germany flights
26,Hyderabad flights
27,Varanasi flights
